./contracts/./EQDlpvd71xYysA7MPF91iuu_2pE-qBg5PGc2QfuNnR63BATb/quadratic_grant_QuadraticGrantTonContract.code.fc:205:26,__gen_read_QuadraticGrantTonContract,Lack of end_parse.,1
./repo/./ton-community/tact/examples/output/echo_Echo.code.fc:102:14,__gen_load_Echo,Lack of end_parse.,1
./contracts/./EQDcQY0f9Mxyd3hwtvIYMvnJeZ_2uVEfcBcddY8Wnr3YP6u_/output/sample_Storage.storage.fc:84:19,$Storage$_contract_load,Lack of end_parse.,1
./repo/./Hiyorimi/tact/examples/output/multisig_MultisigSigner.code.fc:111:25,__gen_read_MultisigSigner,Lack of end_parse.,1
./repo/./scrobot/ton-playground/contracts/output/sample_DynamicSmartContract.storage.fc:85:19,$DynamicSmartContract$_contract_load,Lack of end_parse.,1
./contracts/./testnet/EQCcfs6ngheoFS1UcG9asqEgj8REAwb7qb4at6uey5m7_knj/output/verifier_TokenDistributionParent.storage.fc:213:22,$TokenDistributionChild$_init_child,Lack of end_parse.,1
./contracts/./testnet/EQC6i4brR-rz7TnldxVPjbhAazLUx1Tu8h8p8HiiVOftvLtR/output/verifier_QuadraticGrantTonContract.code.fc:285:38,__gen_readopt_Votes,Lack of end_parse.,1
./repo/./tact-lang/tact/examples/output/multisig_MultisigSigner.storage.fc:109:19,$MultisigSigner$_contract_load,Lack of end_parse.,1
./contracts/./EQD2vFTpDqjbK10lx7nlBLbPl0f3ixl3EvJT2mJVU9GWdtTZ/output/verifier_PunkVesting.storage.fc:206:38,$HolderDto$_load_opt,Lack of end_parse.,1
./repo/./Tarnadas/orderly-ton-amm/contracts/output/orderly_amm_JettonMaster.storage.fc:229:22,$JettonWallet$_init_child,Lack of end_parse.,1
./contracts/./testnet/EQCbdzcPa5JnzH0NRNiPg_HeMKMFcLJgsVEGFt_LwPz0DAoT/output/verifier_TokenDistributionParent.storage.fc:177:19,$TokenDistributionParent$_contract_load,Lack of end_parse.,1
./repo/./alefmanvladimir/lesson8/build/TodoParent/tact_TodoParent.storage.fc:162:22,$TodoChild$_init_child,Lack of end_parse.,1
./repo/./alefmanvladimir/lesson5/build/Item/tact_Item3.storage.fc:116:19,$Item3$_contract_load,Lack of end_parse.,1
./contracts/./EQBT1NfQhghPpzGjzAxUY-Llek2e4VHYa16Tp2MlhDEGvuZD/output/verifier_PunkVesting.storage.fc:206:38,$HolderDto$_load_opt,Lack of end_parse.,1
./repo/./Ton-Dynasty/tondynasty-contracts/contracts/output/sample_NFTItemAuction.storage.fc:124:29,$BuildNftAuction$_load,Lack of end_parse.,1
./repo/./tact-lang/contract-safe/sources/output/safe_VoteContract.storage.fc:212:19,$VoteContract$_contract_load,Lack of end_parse.,1
./contracts/./EQAoB_mkXPNjHXPeD7TGVeYhelRP-h69q3U0pQriZosIwagN/output/verifier_PunkVesting.storage.fc:148:36,$Balance$_load_opt,Lack of end_parse.,1
./contracts/./testnet/EQBazpkiGZhAsJdPEqR-FZ5ktnuC_rAcvhNJJ5OvTRyp-WAF/output/sample_TrueAED.storage.fc:211:22,$JettonWallet$_init_child,Lack of end_parse.,1
./repo/./tactfunc/tact-1/src/test/features/output/maps_MapTestContract.code.fc:266:14,__gen_load_MapTestContract,Lack of end_parse.,1
./repo/./tactfunc/tact/src/test/features/output/optionals_ContractWithOptionals.fc:220:22,__gen_read_ContractWithOptionals,Lack of end_parse.,1
./repo/./Hiyorimi/tact/examples/output/wallet-opt_Wallet.code.fc:48:19,__gen_load_Wallet,Lack of end_parse.,1
./contracts/./testnet/EQDm4PW8r-Eua02VK7-Vjyp-Kmlws66JIgxevGHcJKOkaRnA/output/sample_Whitelist.storage.fc:174:22,$WhitelistChildEntry$_init_child,Lack of end_parse.,1
./contracts/./testnet/EQBylLT0jiCreCEf0_s984HJeEHjRuAbErLG6V0AbgjIoNWG/output/verifier_TokenDistributionParent.storage.fc:169:23,$TokenDistributionParent$init$_load,Lack of end_parse.,1
./repo/./Ton-Dynasty/eventon/contracts/output/child_router_Messenger.storage.fc:256:37,$Messenger$_load,Lack of end_parse.,1
./contracts/./testnet/EQCsp6MePs9Xgfd0nzYEhUW-OP22QjgMINCtiDOW2X3iZK3O/output/sample_Whitelist.storage.fc:179:22,$WhitelistChildEntry$_init_child,Lack of end_parse.,1
./contracts/./EQAf28EbDRkq8YGbyvhHW0fVLzAVBSA-X9PrBV9uirH2QPF_/output/verifier_PunkVesting.storage.fc:233:35,$Period$_load_opt,Lack of end_parse.,1
./contracts/./testnet/EQBEkXonKTTrO7SJxULU8qi7fevmMSC1PUOo2vorL_rFujU1/output/verifier_TokenDistributionChild.storage.fc:75:19,$TokenDistributionChild$_contract_load,Lack of end_parse.,1
./contracts/./testnet/EQAB3j42Ha7r1k9SGm1UPe4aolfOe8uC5_9r8WCdT7YGF-jJ/output/verifier_TokenDistributionParent.storage.fc:168:23,$TokenDistributionParent$init$_load,Lack of end_parse.,1
./repo/./tact-lang/tact/src/test/features/output/serialization_SerializationTester.storage.fc:71:19,$SerializationTester$init$_load,Lack of end_parse.,1
./contracts/./testnet/EQDjvFfSPZRPy_SuJhdJtA2P057zs6jzHJMamGbi8KFUhm2I/output/verifier_TokenDistributionParent.storage.fc:161:25,$TokenDistributionParent$_load,Lack of end_parse.,1
./repo/./tact-lang/tact-by-example/src/routes/examples/06-unbounded-arrays/output/sample_TodoParent.storage.fc:200:22,$TodoChild$_init_child,Lack of end_parse.,1
./repo/./aeither/tact-challenge/contracts/output/sample_Task4.storage.fc:110:19,$Task4$_contract_load,Lack of end_parse.,1
./repo/./tactfunc/tact-1/src/test/features/output/random_RandomContract.code.fc:66:14,__gen_load_RandomContract,Lack of end_parse.,1
./repo/./Hiyorimi/tact/examples/output/native_Native.code.fc:34:19,__gen_load_Native,Lack of end_parse.,1
./contracts/./testnet/EQAzl1Y8S1_f59zQIyxnJ8k5QpdWRoyWH9swY5pfW2iOtQQ7/output/verifier_Bank.storage.fc:345:22,$Account$_init_child,Lack of end_parse.,1
./repo/./tact-lang/tact-by-example/src/routes/examples/03-textual-messages/output/sample_Receivers.storage.fc:74:19,$Receivers$_contract_load,Lack of end_parse.,1
./repo/./logvik/tact/examples/output/large_Large.code.fc:59:19,__gen_load_Large,Lack of end_parse.,1
./contracts/./EQBOdgq20rriKQdoOIyIxRjtQ1TezGwqUfULShG6-uDczK3X/output/sample_Dmail.storage.fc:90:22,$Dmail$_contract_load,Lack of end_parse.,1
./repo/./tactfunc/tact-1/src/test/bugs/output/bug_18_DDDD.code.fc:86:14,__gen_load_DDDD,Lack of end_parse.,1
./contracts/./testnet/EQDiUdKq56y4lSEOLZkcTyNfojDz5F9qMU03STDzNDcZSoIZ/output/verifier_TokenDistributionParent.storage.fc:211:22,$TokenDistributionChild$_init_child,Lack of end_parse.,1
./contracts/./testnet/EQBo_8Pr3KZSwKU4iicMgABW-z15xhI1S_61JboNyZKdU-Yx/output/verifier_TokenDistributionParent.storage.fc:178:19,$TokenDistributionParent$_contract_load,Lack of end_parse.,1
./repo/./tact-lang/contract-payouts/sources/output/payouts_PayoutsMaster.storage.fc:198:22,$PayoutBeacon$_init_child,Lack of end_parse.,1
./contracts/./testnet/EQA4U6yQsPUjkZii2dyoiQIsfzUvyr15KIMlso1YHfWE4TRX/output/verifier_SampleTactContract.storage.fc:93:19,$SampleTactContract$_contract_load,Lack of end_parse.,1
./repo/./logvik/tact/src/test/features/output/serialization_SerializationTester.code.fc:26:22,__gen_read_Update,Lack of end_parse.,1
./repo/./tactfunc/tact-1/examples/output/increment_IncrementContract.code.fc:172:14,__gen_load_IncrementContract,Lack of end_parse.,1
./contracts/./testnet/EQCULcS2lG9Z-MycbsBlUfst4XsdKo7tJ7gYsb0I39jbPLQL/output/verifier_NftItem.storage.fc:246:19,$NftItem$_contract_load,Lack of end_parse.,1
./contracts/./testnet/EQA51WiUo5amHjHX3lvR_ftnXEPKP-D4VflTGciH-9f80pgN/output/verifier_SampleJetton.storage.fc:190:22,$JettonDefaultWallet$_init_child,Lack of end_parse.,1
./repo/./logvik/tact/src/test/features/output/serialization_SerializationTester.code.fc:77:19,__gen_read_$init$SerializationTester,Lack of end_parse.,1
./contracts/./testnet/EQBH8R64HgcynPnVU5Jls7DOu1-G09PrY4zEtxv-y4cALve0/output/verifier_TokenDistributionParent.storage.fc:166:41,$TokenDistributionParent$_load,Lack of end_parse.,1
./repo/./ton-community/tact/src/test/features/output/random_RandomContract.code.fc:62:14,__gen_load_RandomContract,Lack of end_parse.,1
./repo/./stableton-dorahack/stablecoin-tact-contracts/sources/output/stableton_PositionsManagerContract.code.fc:261:22,__gen_read_WithdrawStablecoinMessage,Lack of end_parse.,1
./contracts/./EQDlpvd71xYysA7MPF91iuu_2pE-qBg5PGc2QfuNnR63BATb/quadratic_grant_QuadraticGrantTonContract.code.fc:269:19,__gen_load_QuadraticGrantTonContract,Lack of end_parse.,1
./repo/./stableton-dorahack/stablecoin-tact-contracts/sources/output/stableton_UserPositionContract.code.fc:133:42,__gen_read_WithdrawCollateralMessage,Lack of end_parse.,1
./contracts/./testnet/EQCcfs6ngheoFS1UcG9asqEgj8REAwb7qb4at6uey5m7_knj/output/verifier_TokenDistributionParent.storage.fc:159:25,$TokenDistributionParent$_load,Lack of end_parse.,1
./repo/./tact-lang/tact/src/test/features/output/maps_MapTestContract.storage.fc:419:24,$MapTestContract$_load,Lack of end_parse.,1
./repo/./tactfunc/tact-1/src/test/features/output/deep_B.code.fc:100:31,__tact_string_builder_append,Lack of end_parse.,1
./repo/./tactfunc/tact-1/examples/output/rugpull_RugPull.code.fc:100:31,__tact_string_builder_append,Lack of end_parse.,1
./repo/./stableton-dorahack/stablecoin-tact-contracts/sources/output/stableton_PositionAddressContract.code.fc:111:19,__gen_load_PositionAddressContract,Lack of end_parse.,1
./contracts/./testnet/EQDWi8OFJ811fFOV-shGvigzCoU3OYCQ96wofkErctIRlX-7/output/verifier_TheLottery.storage.fc:213:19,$TheLottery$_contract_load,Lack of end_parse.,1
./contracts/./testnet/EQBEkXonKTTrO7SJxULU8qi7fevmMSC1PUOo2vorL_rFujU1/output/verifier_TokenDistributionParent.storage.fc:159:23,$TokenDistributionParent$_load,Lack of end_parse.,1
./repo/./dvlkv/tact/src/test/features/output/constants_ConstantTester.code.fc:16:14,__gen_load_ConstantTester,Lack of end_parse.,1
./repo/./tact-lang/tact-by-example/src/routes/examples/06-multiple-contract-instances/output/sample_Todo.storage.fc:105:22,$Todo$_init_child,Lack of end_parse.,1
./repo/./Hiyorimi/tact/src/test/features/output/debug_Debug.code.fc:101:22,__gen_load_Debug,Lack of end_parse.,1
./repo/./tact-lang/tact/examples/output/rugpull_RugPull.storage.fc:107:22,$RugPull$_load,Lack of end_parse.,1
./contracts/./testnet/EQBY6u-mHDpQX6-r1voFOEvOoG_jJoaDcfhEvwBHcORVMJiV/output/verifier_Lottery.storage.fc:176:34,$Lottery$_load,Lack of end_parse.,1
./contracts/./EQCqNjAPkigLdS5gxHiHitWuzF3ZN-gX7MlX4Qfy2cGS3FWx/output/verifier_Insquidtion.storage.fc:186:22,$Insquidtion$_load,Lack of end_parse.,1
./contracts/./testnet/EQD2CpBppxQSzwXZE9DaVX_wY-k80Tdd1Yf1oWVDgmnrxqlC/output/sample_JettonDefaultWallet.storage.fc:252:22,$JettonDefaultWallet$_init_child,Lack of end_parse.,1
./repo/./ton-community/tact/examples/output/wallet-opt_Wallet.code.fc:29:14,__gen_load_Wallet,Lack of end_parse.,1
./contracts/./testnet/EQBiGTCNbF1maJnzL5NvD24gMN3BcJ8nS8-a-Janxsqx1QMY/output/sample_JettonDefaultWallet.storage.fc:252:22,$JettonDefaultWallet$_init_child,Lack of end_parse.,1
./repo/./Tarnadas/orderly-ton-amm/contracts/output/orderly_amm_OrderlyAmm.storage.fc:286:29,$AddLiquidity$_load,Lack of end_parse.,1
./repo/./tact-lang/contract-dns-simple/sources/output/dns_SimpleDNSContract.storage.fc:349:38,$DNSRecord$_load_opt,Lack of end_parse.,1
./repo/./tact-lang/tact/src/test/features/output/bounced-routing_SampleContract2.storage.fc:41:27,$Second$_load,Lack of end_parse.,1
./repo/./dvlkv/tact/src/test/features/output/serialization-2_SerializationTester2.code.fc:38:19,__gen_read_Vars,Lack of end_parse.,1
./repo/./pizza-777/tact-challenge/contracts/output/sample_Task1.storage.fc:100:19,$Task1$_contract_load,Lack of end_parse.,1
./contracts/./testnet/EQBCMcp0FrgVL-thEORfZWHWuamDFAwivTFc4jCE1WX555nU/output/verifier_TokenMaster.storage.fc:226:22,$JettonDefaultWallet$_init_child,Lack of end_parse.,1
./repo/./dvlkv/tact/examples/output/payouts_Payouts.code.fc:184:14,__gen_load_Payouts,Lack of end_parse.,1
./repo/./stableton-dorahack/stablecoin-tact-contracts/sources/output/stableton_GateKeeperContract.code.fc:365:22,__gen_read_GateKeeperContract,Lack of end_parse.,1
./repo/./Hiyorimi/tact/src/test/features/output/ordering_A.code.fc:82:19,__gen_load_A,Lack of end_parse.,1
./contracts/./testnet/EQCUC8OwJVR4ZeCZplPUSGRfESZ5u6BRLIryOcqDKSqB3LCx/output/verifier_TokenDistributionParent.storage.fc:213:22,$TokenDistributionChild$_init_child,Lack of end_parse.,1
./contracts/./testnet/EQDcH8tPjddqCLyVcZQNeOH5VB6WbrTZez4iSS4cifBtoJX5/output/verifier_TokenDistributionParent.storage.fc:176:19,$TokenDistributionParent$_contract_load,Lack of end_parse.,1
./contracts/./testnet/EQCBIjDFEm_Zl5dFWF_DJ8XMDjqdstF7ybel4mmZF0ON9-cQ/output/sample_CTonLock.storage.fc:155:27,$CTonLock$_load,Lack of end_parse.,1
./contracts/./testnet/EQByBoxPRjRiZThonD842N_6lalYxKRaBt36t9UyMtRXjCmm/output/verifier_TokenDistributionParent.storage.fc:168:23,$TokenDistributionParent$init$_load,Lack of end_parse.,1
./repo/./alefmanvladimir/lesson8/build/TodoChild/tact_TodoChild.storage.fc:128:19,$TodoChild$_contract_load,Lack of end_parse.,1
./repo/./stableton-dorahack/stablecoin-tact-contracts/sources/output/stableton_UserPositionContract.code.fc:155:22,__gen_read_RepayStablecoinMessage,Lack of end_parse.,1
./contracts/./testnet/EQBNnRw3FKilb4f__E1DqTyl9NNuFDZx3v2LAourQQFB2Ha2/output/verifier_TokenDistributionChild.storage.fc:75:19,$TokenDistributionChild$_contract_load,Lack of end_parse.,1
./repo/./data-will-be-here/tact-challenge/contracts/output/sample_Task5.storage.fc:214:19,$Task5$_contract_load,Lack of end_parse.,1
./repo/./dvlkv/tact/examples/output/rugpull_RugPull.code.fc:166:14,__gen_load_RugPull,Lack of end_parse.,1
./repo/./tact-lang/tact-by-example/src/routes/examples/03-messages-between-contracts/output/sample_Counter.storage.fc:95:19,$Counter$_contract_load,Lack of end_parse.,1
./contracts/./testnet/EQBmO7g9TjaZV4d1xpKvJ2PxWH9-SFdSdCgoEwRUNPiSOGdW/output/sample_LuckyBank.storage.fc:171:22,$LuckyWallet$_init_child,Lack of end_parse.,1
./repo/./tact-lang/tact-by-example/src/routes/examples/06-calc-contract-address/output/sample_Todo1.storage.fc:74:19,$Todo1$_contract_load,Lack of end_parse.,1
./contracts/./testnet/EQB4Ak84r-e-Z4oHa8rYZpcIYORyjtgmBp1OOaXrH8QmjXCd/output/verifier_JettonDefaultWallet.storage.fc:252:22,$JettonDefaultWallet$_init_child,Lack of end_parse.,1
