/home/lentg/Movebit/ton-datasets1111/repo/./pugachevdmitry/tact-challenge/contracts/output/sample_Task3.code.fc:55:344,$Task3$_contract_router_internal,UnHandle bounced message with op: 0xf8a7ea5,1
/home/lentg/Movebit/ton-datasets1111/repo/./alan890104/tact-challenge/contracts/output/sample_Task4.code.fc:66:274,$Task4$_contract_router_internal,UnHandle bounced message with op: 0x5fcc3d14,1
/home/lentg/Movebit/ton-datasets1111/contracts/./EQBT1NfQhghPpzGjzAxUY-Llek2e4VHYa16Tp2MlhDEGvuZD/output/verifier_PunkVesting.code.fc:227:123,$PunkVesting$_contract_router_internal,UnHandle bounced message with op: 0xf8a7ea5,1
/home/lentg/Movebit/ton-datasets1111/repo/./alan890104/tact-challenge/contracts/output/sample_Task5.code.fc:81:159,$Task5$_contract_router_internal,UnHandle bounced message with op: 0x5fcc3d14,1
/home/lentg/Movebit/ton-datasets1111/contracts/./testnet/EQCegBCI9p4Z2zeE_S9cdH2lkKrHIgYO9v8UDuIMr3GO036-/output/verifier_TokenDistributionParent.code.fc:91:328,$TokenDistributionParent$_contract_router_internal,UnHandle bounced message with op: 0xf8a7ea5,1
/home/lentg/Movebit/ton-datasets1111/contracts/./testnet/EQCsp6MePs9Xgfd0nzYEhUW-OP22QjgMINCtiDOW2X3iZK3O/output/sample_Whitelist.code.fc:63:174,$Whitelist$_contract_router_internal,UnHandle bounced message with op: 0xf6c150a1,1
/home/lentg/Movebit/ton-datasets1111/contracts/./testnet/EQAu8MKY8L5F1kkVonh3uXUehcQBKHhmlMBl97lreoSc4mLP/output/verifier_TokenDistributionChild.code.fc:43:197,$TokenDistributionChild$_contract_router_internal,UnHandle bounced message with op: 0x8c7991ee,1
/home/lentg/Movebit/ton-datasets1111/contracts/./testnet/EQByBoxPRjRiZThonD842N_6lalYxKRaBt36t9UyMtRXjCmm/output/verifier_TokenDistributionParent.code.fc:110:346,$TokenDistributionParent$_contract_router_internal,UnHandle bounced message with op: 0xf8a7ea5,1
/home/lentg/Movebit/ton-datasets1111/repo/./ipromise2324/tact-chanllenge/contracts/output/sample_Task3_COPY.code.fc:59:333,$Task3_COPY$_contract_router_internal,UnHandle bounced message with op: 0xf8a7ea5,1
/home/lentg/Movebit/ton-datasets1111/repo/./alan890104/tact-challenge/contracts/output/sample_Task3.code.fc:70:110,$Task3$_contract_router_internal,UnHandle bounced message with op: 0xf8a7ea5,1
/home/lentg/Movebit/ton-datasets1111/repo/./hitaspdotnet/tact-challenge/contracts/output/sample_Task5.code.fc:74:357,$Task5$_contract_router_internal,UnHandle bounced message with op: 0x5fcc3d14,1
/home/lentg/Movebit/ton-datasets1111/repo/./Ton-Dynasty/tondynasty-contracts/contracts/output/sample_FNFTItem.code.fc:172:215,$FNFTItem$_contract_router_internal,UnHandle bounced message with op: 0xbaa13f5f,1
/home/lentg/Movebit/ton-datasets1111/contracts/./testnet/EQARw5fBjBxvPDJT9V8S-bLal1X4dsGwKjWBW5D1z2q9flCz/output/verifier_TokenDistributionParent.code.fc:105:346,$TokenDistributionParent$_contract_router_internal,UnHandle bounced message with op: 0xf8a7ea5,1
/home/lentg/Movebit/ton-datasets1111/contracts/./testnet/EQD_etdEwhXfZQNuauZLaR_fV0MkBcvrc-S3p8iG75encxwt/output/sample_Factory.code.fc:54:242,$Factory$_contract_router_internal,UnHandle bounced message with op: 0x71d03a9b,1
/home/lentg/Movebit/ton-datasets1111/repo/./brayandm/tact-challenge/contracts/output/sample_Task5.code.fc:109:218,$Task5$_contract_router_internal,UnHandle bounced message with op: 0x6339421f,1
/home/lentg/Movebit/ton-datasets1111/repo/./alefmanvladimir/lesson8/build/JettonWallet/tact_JettonWallet.code.fc:46:257,$JettonWallet$_contract_router_internal,UnHandle bounced message with op: 0x12412733,1
/home/lentg/Movebit/ton-datasets1111/contracts/./testnet/EQCUC8OwJVR4ZeCZplPUSGRfESZ5u6BRLIryOcqDKSqB3LCx/output/verifier_TokenDistributionParent.code.fc:110:346,$TokenDistributionParent$_contract_router_internal,UnHandle bounced message with op: 0xf8a7ea5,1
/home/lentg/Movebit/ton-datasets1111/repo/./alefmanvladimir/BigFiles/ton-drive-contracts/contracts/output/sample_TonDriveUserCollection.code.fc:70:238,$TonDriveUserCollection$_contract_router_internal,UnHandle bounced message with op: 0x79f937ea,1
/home/lentg/Movebit/ton-datasets1111/contracts/./testnet/EQC3PIsnvud4HqCn2EEF7AIyH1XvkfyyYO2psZ-8ExXMCwKL/output/verifier_TokenDistributionParent.code.fc:89:348,$TokenDistributionParent$_contract_router_internal,UnHandle bounced message with op: 0xf8a7ea5,1
/home/lentg/Movebit/ton-datasets1111/contracts/./testnet/EQAhje9FEbFAzEYAQdKbZB-JTGO0AOO-NL4_J__BIaUHF_7e/output/verifier_LotteryPlayTactContract.code.fc:106:188,$LotteryPlayTactContract$_contract_router_internal,UnHandle bounced message with op: 0xb4e57534,1
/home/lentg/Movebit/ton-datasets1111/contracts/./testnet/EQD-N73yTureHYuzlbWBpTLjHfBEOCixPI1VfquoS4aUuHQB/output/verifier_TokenDistributionParent.code.fc:110:346,$TokenDistributionParent$_contract_router_internal,UnHandle bounced message with op: 0xf8a7ea5,1
/home/lentg/Movebit/ton-datasets1111/repo/./Ton-Dynasty/eventon/contracts/output/follower_Follower.code.fc:60:201,$Follower$_contract_router_internal,UnHandle bounced message with op: 0x8fc2e2d6,1
/home/lentg/Movebit/ton-datasets1111/contracts/./testnet/EQAonlonV4itssA_d8PaRg-avHuME16-SL7UNAPJJUKPyYAV/output/verifier_TokenDistributionParent.code.fc:77:339,$TokenDistributionParent$_contract_router_internal,UnHandle bounced message with op: 0xf8a7ea5,1
/home/lentg/Movebit/ton-datasets1111/contracts/./testnet/EQCmyrIxvBKibZrZIzeS6uaVfZMnmnSJvGC2Z6NUmkVxJkcx/output/verifier_TokenDistributionParent.code.fc:89:348,$TokenDistributionParent$_contract_router_internal,UnHandle bounced message with op: 0xf8a7ea5,1
/home/lentg/Movebit/ton-datasets1111/repo/./2yong-k/tact-challenge/contracts/output/sample_Task5.code.fc:48:319,$Task5$_contract_router_internal,UnHandle bounced message with op: 0x5fcc3d14,1
/home/lentg/Movebit/ton-datasets1111/contracts/./testnet/EQBBOybmF9fxr4qrW6ga1rS3DXttRy5hhANKI-tUNPHj_kbq/output/sample_CTonMint.code.fc:30:382,$CTonMint$_contract_router_internal,UnHandle bounced message with op: 0xf8a7ea5,1
/home/lentg/Movebit/ton-datasets1111/contracts/./EQDz3jwUq41wzt5I9fyX69SVdyzinhFhfnrIs7aCTHY8LPsf/output/sample_TokenMaster.code.fc:19:224,$TokenMaster$_contract_router_internal,UnHandle bounced message with op: 0x2c76b973,1
/home/lentg/Movebit/ton-datasets1111/repo/./pizza-777/tact-challenge/contracts/output/sample_Task5.code.fc:62:319,$Task5$_contract_router_internal,UnHandle bounced message with op: 0x5fcc3d14,1
/home/lentg/Movebit/ton-datasets1111/contracts/./testnet/EQBH8R64HgcynPnVU5Jls7DOu1-G09PrY4zEtxv-y4cALve0/output/verifier_TokenDistributionParent.code.fc:102:334,$TokenDistributionParent$_contract_router_internal,UnHandle bounced message with op: 0xf8a7ea5,1
/home/lentg/Movebit/ton-datasets1111/contracts/./testnet/EQDjvFfSPZRPy_SuJhdJtA2P057zs6jzHJMamGbi8KFUhm2I/output/verifier_TokenDistributionChild.code.fc:43:197,$TokenDistributionChild$_contract_router_internal,UnHandle bounced message with op: 0x8c7991ee,1
/home/lentg/Movebit/ton-datasets1111/contracts/./testnet/EQBBr95YZ4w2Q1tKb0ylv5lDNloD2DuVMIn25ijLiP-z_D0V/output/verifier_SampleJetton.code.fc:33:399,$SampleJetton$_contract_router_internal,UnHandle bounced message with op: 0x178d4519,1
/home/lentg/Movebit/ton-datasets1111/contracts/./testnet/EQD10lksQFuxnuScujxC5TJ-ebuk_eOlTmqpbYC4d4aVr8F_/output/verifier_NftItem.code.fc:77:267,$NftItem$_contract_router_internal,UnHandle bounced message with op: 0x5138d91,1
/home/lentg/Movebit/ton-datasets1111/contracts/./testnet/EQCUC8OwJVR4ZeCZplPUSGRfESZ5u6BRLIryOcqDKSqB3LCx/output/verifier_TokenDistributionChild.code.fc:43:197,$TokenDistributionChild$_contract_router_internal,UnHandle bounced message with op: 0x1,1
/home/lentg/Movebit/ton-datasets1111/repo/./d0rich/esprit/contracts/contracts/output/sample_DSocialNetworkBlog.code.fc:164:153,$DSocialNetworkBlog$_contract_router_internal,UnHandle bounced message with op: 0xd53276db,1
/home/lentg/Movebit/ton-datasets1111/contracts/./testnet/EQBH8R64HgcynPnVU5Jls7DOu1-G09PrY4zEtxv-y4cALve0/output/verifier_TokenDistributionChild.code.fc:43:197,$TokenDistributionChild$_contract_router_internal,UnHandle bounced message with op: 0x8c7991ee,1
/home/lentg/Movebit/ton-datasets1111/contracts/./testnet/EQCTy0yF9fLykRB2jw1Xna0uYVlK_Ii7nQA6iFEGV7Ggsf6o/output/verifier_TokenDistributionParent.code.fc:110:346,$TokenDistributionParent$_contract_router_internal,UnHandle bounced message with op: 0xf8a7ea5,1
/home/lentg/Movebit/ton-datasets1111/repo/./tact-lang/contract-safe/sources/output/safe_SafeContract.code.fc:113:198,$SafeContract$_contract_router_internal,UnHandle bounced message with op: 0x56137615,1
/home/lentg/Movebit/ton-datasets1111/repo/./psucodervn/tact-challenge/contracts/output/sample_Task4.code.fc:69:282,$Task4$_contract_router_internal,UnHandle bounced message with op: 0x5fcc3d14,1
/home/lentg/Movebit/ton-datasets1111/contracts/./testnet/EQAzl1Y8S1_f59zQIyxnJ8k5QpdWRoyWH9swY5pfW2iOtQQ7/output/verifier_Bank.code.fc:97:176,$Bank$_contract_router_internal,UnHandle bounced message with op: 0x214,1
/home/lentg/Movebit/ton-datasets1111/contracts/./testnet/EQAqktQRIQ18Y41DMs7ew5GXPrLLvE1_B0DNpx6_-tpPV-bw/output/verifier_JettonDefaultWallet.code.fc:83:272,$JettonDefaultWallet$_contract_router_internal,UnHandle bounced message with op: 0x7bdd97de,1
/home/lentg/Movebit/ton-datasets1111/repo/./Veetver/tact-challenge-attempt/contracts/output/sample_Task5.code.fc:77:220,$Task5$_contract_router_internal,UnHandle bounced message with op: 0x6339421f,1
/home/lentg/Movebit/ton-datasets1111/contracts/./testnet/EQBmO7g9TjaZV4d1xpKvJ2PxWH9-SFdSdCgoEwRUNPiSOGdW/output/sample_LuckyWallet.code.fc:100:250,$LuckyWallet$_contract_router_internal,UnHandle bounced message with op: 0x8b771735,1
/home/lentg/Movebit/ton-datasets1111/contracts/./testnet/EQBApgkw4uwVJs08bbyJT8kJXpJk4zVUtdytRzLl5j1R4ozc/output/verifier_TokenDistributionParent.code.fc:108:329,$TokenDistributionParent$_contract_router_internal,UnHandle bounced message with op: 0xf8a7ea5,1
/home/lentg/Movebit/ton-datasets1111/repo/./ipromise2324/tact-chanllenge/contracts/output/sample_Task5.code.fc:101:203,$Task5$_contract_router_internal,UnHandle bounced message with op: 0x4abfbe22,1
/home/lentg/Movebit/ton-datasets1111/contracts/./testnet/EQCULcS2lG9Z-MycbsBlUfst4XsdKo7tJ7gYsb0I39jbPLQL/output/verifier_NftItem.code.fc:57:180,$NftItem$_contract_router_internal,UnHandle bounced message with op: 0x6f89f5e3,1
/home/lentg/Movebit/ton-datasets1111/contracts/./testnet/EQDcH8tPjddqCLyVcZQNeOH5VB6WbrTZez4iSS4cifBtoJX5/output/verifier_TokenDistributionParent.code.fc:66:339,$TokenDistributionParent$_contract_router_internal,UnHandle bounced message with op: 0xf8a7ea5,1
/home/lentg/Movebit/ton-datasets1111/contracts/./testnet/EQAhje9FEbFAzEYAQdKbZB-JTGO0AOO-NL4_J__BIaUHF_7e/output/verifier_LotteryStartTactContract.code.fc:81:230,$LotteryStartTactContract$_contract_router_internal,UnHandle bounced message with op: 0xb3d41e96,1
/home/lentg/Movebit/ton-datasets1111/repo/./sashasashasasha151/ton-contest/contracts/output/sample_Task4.code.fc:73:335,$Task4$_contract_router_internal,UnHandle bounced message with op: 0x5fcc3d14,1
/home/lentg/Movebit/ton-datasets1111/contracts/./testnet/EQCegBCI9p4Z2zeE_S9cdH2lkKrHIgYO9v8UDuIMr3GO036-/output/verifier_TokenDistributionChild.code.fc:43:197,$TokenDistributionChild$_contract_router_internal,UnHandle bounced message with op: 0x1,1
/home/lentg/Movebit/ton-datasets1111/contracts/./testnet/EQAL2npLBTHJQDuBKEJf1-pN_5eErz8kON_gjCsh5NLkOpFS/output/verifier_TokenDistributionParent.code.fc:110:346,$TokenDistributionParent$_contract_router_internal,UnHandle bounced message with op: 0xf8a7ea5,1
/home/lentg/Movebit/ton-datasets1111/repo/./alan890104/tact-challenge/contracts/output/sample_Task3.code.fc:75:110,$Task3$_contract_router_internal,UnHandle bounced message with op: 0xf8a7ea5,1
/home/lentg/Movebit/ton-datasets1111/contracts/./testnet/EQAi6IHEUQNaERlZAFp1b2A0X7E8mb9NwPb5ASfRBrBw6ZLV/output/sample_WitnessConsensus.code.fc:199:234,$WitnessConsensus$_contract_router_internal,UnHandle bounced message with op: 0xf5d995b6,1
/home/lentg/Movebit/ton-datasets1111/repo/./alefmanvladimir/lesson8/build/JettonMaster/tact_JettonWallet.code.fc:46:257,$JettonWallet$_contract_router_internal,UnHandle bounced message with op: 0x12412733,1
/home/lentg/Movebit/ton-datasets1111/contracts/./testnet/EQAzl1Y8S1_f59zQIyxnJ8k5QpdWRoyWH9swY5pfW2iOtQQ7/output/verifier_Account.code.fc:84:163,$Account$_contract_router_internal,UnHandle bounced message with op: 0x112,1
/home/lentg/Movebit/ton-datasets1111/contracts/./testnet/EQAonlonV4itssA_d8PaRg-avHuME16-SL7UNAPJJUKPyYAV/output/verifier_TokenDistributionChild.code.fc:43:197,$TokenDistributionChild$_contract_router_internal,UnHandle bounced message with op: 0x8c7991ee,1
/home/lentg/Movebit/ton-datasets1111/repo/./ipromise2324/tact-chanllenge/contracts/output/sample_Task3.code.fc:57:333,$Task3$_contract_router_internal,UnHandle bounced message with op: 0xf8a7ea5,1
/home/lentg/Movebit/ton-datasets1111/repo/./Ton-Dynasty/tondynasty-contracts/contracts/output/sample_ExampleNFTItem.code.fc:47:177,$ExampleNFTItem$_contract_router_internal,UnHandle bounced message with op: 0xd53276db,1
/home/lentg/Movebit/ton-datasets1111/repo/./sashasashasasha151/ton-contest/contracts/output/sample_Task5.code.fc:49:308,$Task5$_contract_router_internal,UnHandle bounced message with op: 0x5fcc3d14,1
/home/lentg/Movebit/ton-datasets1111/contracts/./EQCRGMxhwmNRZateeGsZZI_dUjasfBqr-qvC3Opc3szMQe_4/output/sample_Lottery.code.fc:86:459,$Lottery$_contract_router_internal,UnHandle bounced message with op: 0xea06185d,1
/home/lentg/Movebit/ton-datasets1111/contracts/./testnet/EQCyJf8x_EkoSTn3aef4ZcvXt_-tS22j9w7djSpPAhosgQYt/output/verifier_NftItem.code.fc:87:180,$NftItem$_contract_router_internal,UnHandle bounced message with op: 0x6f89f5e3,1
/home/lentg/Movebit/ton-datasets1111/repo/./Tarnadas/orderly-ton-amm/contracts/output/orderly_amm_OrderlyAmm.code.fc:75:406,$OrderlyAmm$_contract_router_internal,UnHandle bounced message with op: 0xf8a7ea5,1
/home/lentg/Movebit/ton-datasets1111/repo/./2yong-k/tact-challenge/contracts/output/sample_Task3.code.fc:58:344,$Task3$_contract_router_internal,UnHandle bounced message with op: 0xf8a7ea5,1
/home/lentg/Movebit/ton-datasets1111/contracts/./testnet/EQAzl1Y8S1_f59zQIyxnJ8k5QpdWRoyWH9swY5pfW2iOtQQ7/output/verifier_Credit.code.fc:51:159,$Credit$_contract_router_internal,UnHandle bounced message with op: 0x210,1
/home/lentg/Movebit/ton-datasets1111/contracts/./testnet/EQDV7Q1pffwtBjFXJBVdyGh1MWIymZQyd9kkV3AzUrfWUWHl/output/verifier_TokenDistributionParent.code.fc:104:346,$TokenDistributionParent$_contract_router_internal,UnHandle bounced message with op: 0xf8a7ea5,1
/home/lentg/Movebit/ton-datasets1111/repo/./psucodervn/tact-challenge/contracts/output/sample_Task5.code.fc:84:126,$Task5$_contract_router_internal,UnHandle bounced message with op: 0x5fcc3d14,1
/home/lentg/Movebit/ton-datasets1111/contracts/./testnet/EQARsR_RM8CxdpRP4BpLPtSsglCc8VWvk7t_oRPRKNWEryY9/output/verifier_TokenDistributionParent.code.fc:104:346,$TokenDistributionParent$_contract_router_internal,UnHandle bounced message with op: 0xf8a7ea5,1
/home/lentg/Movebit/ton-datasets1111/repo/./alan890104/tact-challenge/contracts/output/sample_Task5.code.fc:66:176,$Task5$_contract_router_internal,UnHandle bounced message with op: 0xfda48b79,1
/home/lentg/Movebit/ton-datasets1111/contracts/./testnet/EQAzl1Y8S1_f59zQIyxnJ8k5QpdWRoyWH9swY5pfW2iOtQQ7/output/verifier_Bank.code.fc:125:288,$Bank$_contract_router_internal,UnHandle bounced message with op: 0x5fcc3d14,1
/home/lentg/Movebit/ton-datasets1111/repo/./Ton-Dynasty/tondynasty-contracts/contracts/output/sample_ExampleNFTAuction.code.fc:40:374,$ExampleNFTAuction$_contract_router_internal,UnHandle bounced message with op: 0x8ad9b2de,1
/home/lentg/Movebit/ton-datasets1111/contracts/./testnet/EQAqktQRIQ18Y41DMs7ew5GXPrLLvE1_B0DNpx6_-tpPV-bw/output/verifier_JettonDefaultWallet.code.fc:45:387,$JettonDefaultWallet$_contract_router_internal,UnHandle bounced message with op: 0x178d4519,1
/home/lentg/Movebit/ton-datasets1111/repo/./psucodervn/tact-challenge/contracts/output/sample_Task5.code.fc:54:290,$Task5$_contract_router_internal,UnHandle bounced message with op: 0x5fcc3d14,1
/home/lentg/Movebit/ton-datasets1111/repo/./pugachevdmitry/tact-challenge/contracts/output/sample_Task5.code.fc:94:204,$Task5$_contract_router_internal,UnHandle bounced message with op: 0x408b8c2e,1
/home/lentg/Movebit/ton-datasets1111/repo/./tact-lang/tact/examples/output/payouts_Payouts.code.fc:50:167,$Payouts$_contract_router_internal,UnHandle bounced message with op: 0xc41949df,1
/home/lentg/Movebit/ton-datasets1111/contracts/./EQAf28EbDRkq8YGbyvhHW0fVLzAVBSA-X9PrBV9uirH2QPF_/output/verifier_PunkVesting.code.fc:199:123,$PunkVesting$_contract_router_internal,UnHandle bounced message with op: 0xf8a7ea5,1
/home/lentg/Movebit/ton-datasets1111/repo/./hitaspdotnet/tact-challenge/contracts/output/sample_Task5.code.fc:80:357,$Task5$_contract_router_internal,UnHandle bounced message with op: 0x5fcc3d14,1
/home/lentg/Movebit/ton-datasets1111/repo/./hitaspdotnet/tact-challenge/contracts/output/sample_Task4.code.fc:46:298,$Task4$_contract_router_internal,UnHandle bounced message with op: 0x5fcc3d14,1
/home/lentg/Movebit/ton-datasets1111/repo/./hitaspdotnet/tact-challenge/contracts/output/sample_Task5.code.fc:94:357,$Task5$_contract_router_internal,UnHandle bounced message with op: 0x5fcc3d14,1
/home/lentg/Movebit/ton-datasets1111/contracts/./EQD8L6QZp9PoT2UjyH88zQ-ZFq38Mw4lSM2ZNUASqtuQZyq9/output/verifier_PunkVesting.code.fc:217:123,$PunkVesting$_contract_router_internal,UnHandle bounced message with op: 0xf8a7ea5,1
/home/lentg/Movebit/ton-datasets1111/repo/./pugachevdmitry/tact-challenge/contracts/output/sample_Task5.code.fc:76:213,$Task5$_contract_router_internal,UnHandle bounced message with op: 0xfda48b79,1
